{
    "id": 1,
    "train_loss_incorrect": [
        1.631996965010961,
        1.5702741394440334,
        1.5446086889505386,
        1.536468423207601,
        1.5301401680707931,
        1.5257070686419805,
        1.5212655715147654,
        1.5194727392991383,
        1.5156470419963202,
        1.5126921643813451,
        1.51097112596035,
        1.509415110150973,
        1.5072182478507359,
        1.505127227306366,
        1.5044653763373692,
        1.5026801075537999,
        1.5022452527284622,
        1.5008318646748862,
        1.4998045029242832,
        1.498041096329689,
        1.4966879463195801,
        1.4963644969463348,
        1.494925948580106,
        1.4950121480226517,
        1.4945203534762064,
        1.4931019286314646,
        1.4925033487876256,
        1.492514850695928,
        1.4916223883628845,
        1.4912380027770995,
        1.4900876001516978,
        1.4897634371121724,
        1.4890935754776,
        1.4887955367565155,
        1.4884874705473583,
        1.4882941655317943,
        1.4882182361682257,
        1.4887746377786,
        1.487402029633522,
        1.4871786532799403,
        1.486373348434766,
        1.4865235588947932,
        1.4858559960126876,
        1.4853443483511606,
        1.485301399032275,
        1.4851032700141271,
        1.4854362984498342,
        1.4852513686815898,
        1.4853772274653116,
        1.4847750916083653,
        1.4844461385409038,
        1.4840170045693715,
        1.4843533408641816,
        1.4840725791454314,
        1.4829985958337784,
        1.4839163337151209,
        1.483505198955536,
        1.482914063135783,
        1.483320770462354,
        1.4833591004212698
    ],
    "train_loss": [
        1.5899094188213347,
        1.5478142350912094,
        1.5380045874913533,
        1.5275503983100256,
        1.5263757677872976,
        1.5178141236305236,
        1.5155626211563746,
        1.5126444083452224,
        1.511224177479744,
        1.5046261197328568,
        1.5038167719046276,
        1.5043036448955536,
        1.5018220414717993,
        1.4988477373123168,
        1.497399668296178,
        1.4969315371910732,
        1.4944547140598297,
        1.4949672693014144,
        1.495143493215243,
        1.491006258924802,
        1.491350187063217,
        1.490516832868258,
        1.4922964441776276,
        1.4884192516406378,
        1.487406218846639,
        1.4871383446455002,
        1.4887799394130707,
        1.4867905157804489,
        1.4898235925038656,
        1.4847694822152455,
        1.4848734837770463,
        1.4829127417008081,
        1.4828045409917832,
        1.4860962816079457,
        1.4846431851387023,
        1.4881943408648173,
        1.4824447337786357,
        1.4824746028582254,
        1.4819054291645686,
        1.4824589864412943,
        1.4796840914090474,
        1.479916660586993,
        1.4798141421874365,
        1.4806900091965993,
        1.4804622993866603,
        1.4799395988384882,
        1.4799343379338583,
        1.4820256290833156,
        1.4804849664370219,
        1.477576150894165,
        1.479515731136004,
        1.4787398815155028,
        1.4794026339054107,
        1.4791037472089132,
        1.4793280349175135,
        1.4774574015537898,
        1.4783596690495808,
        1.4785726910829544,
        1.4811672741174697,
        1.4772620856761933
    ],
    "valid_loss": [
        1.5969689905643463,
        1.5560515558719634,
        1.5477693605422973,
        1.5388073348999023,
        1.5388624525070191,
        1.5313534951210022,
        1.5303081321716308,
        1.5271413362026214,
        1.5274104750156403,
        1.5220727109909058,
        1.5237583410739899,
        1.5251246345043183,
        1.5227650332450866,
        1.5201927876472474,
        1.5186741590499877,
        1.5195719718933105,
        1.5176422166824342,
        1.5205148017406465,
        1.5215305697917938,
        1.5172153723239898,
        1.516926280260086,
        1.5155521309375763,
        1.5196488046646117,
        1.517006825208664,
        1.5182796704769135,
        1.5154823887348174,
        1.519620462656021,
        1.521957585811615,
        1.519967337846756,
        1.5190255773067474,
        1.5191720116138459,
        1.519411677122116,
        1.514717342853546,
        1.521214828491211,
        1.5187758445739745,
        1.5254790461063386,
        1.5154401314258577,
        1.5195851969718932,
        1.5172041451931,
        1.5191355454921722,
        1.5193019115924835,
        1.518130716085434,
        1.5197692608833313,
        1.520963419675827,
        1.5222338438034058,
        1.518543689250946,
        1.5195110070705413,
        1.5191832959651947,
        1.5185820817947389,
        1.5191584539413452,
        1.5199393498897553,
        1.520166437625885,
        1.5177887761592865,
        1.5162558352947235,
        1.5181490755081177,
        1.5185820293426513,
        1.520993206501007,
        1.518136714696884,
        1.5202507162094117,
        1.5171187651157378
    ],
    "train_precision_incorrect": [
        0.71,
        0.8323333333333334,
        0.8739333333333333,
        0.8824333333333333,
        0.8900833333333333,
        0.899,
        0.9049,
        0.9086666666666666,
        0.9130166666666667,
        0.9158166666666666,
        0.9190166666666667,
        0.9221,
        0.9238833333333333,
        0.92805,
        0.9288333333333333,
        0.93175,
        0.9333333333333333,
        0.9350333333333334,
        0.9365,
        0.9389333333333333,
        0.9407666666666666,
        0.9420333333333333,
        0.9442,
        0.9445666666666667,
        0.94475,
        0.9457833333333333,
        0.9473333333333334,
        0.9481666666666667,
        0.9493,
        0.9504666666666667,
        0.9499166666666666,
        0.95215,
        0.95325,
        0.9551333333333333,
        0.9534166666666667,
        0.9543833333333334,
        0.95525,
        0.9541333333333334,
        0.9577666666666667,
        0.9569166666666666,
        0.9578666666666666,
        0.9582,
        0.9580833333333333,
        0.9589,
        0.9592666666666667,
        0.9605833333333333,
        0.95955,
        0.9589166666666666,
        0.9595,
        0.9610833333333333,
        0.9617,
        0.9625,
        0.9622666666666667,
        0.9622,
        0.9639833333333333,
        0.9632666666666667,
        0.96215,
        0.9629,
        0.9625,
        0.9638833333333333
    ],
    "train_precision": [
        0.79,
        0.8645166666666667,
        0.8849833333333333,
        0.8926666666666667,
        0.8956833333333334,
        0.9104166666666667,
        0.9132833333333333,
        0.9173833333333333,
        0.9175833333333333,
        0.9285833333333333,
        0.9302666666666667,
        0.9287,
        0.9326833333333333,
        0.9372,
        0.9400666666666667,
        0.93855,
        0.9431666666666667,
        0.9424666666666667,
        0.9419166666666666,
        0.9498833333333333,
        0.9501166666666667,
        0.95195,
        0.9481833333333334,
        0.95375,
        0.9545,
        0.9550666666666666,
        0.95225,
        0.9564166666666667,
        0.9511333333333334,
        0.959,
        0.9586666666666667,
        0.9620166666666666,
        0.96285,
        0.9571333333333333,
        0.9599666666666666,
        0.95465,
        0.9653333333333334,
        0.9649,
        0.9650333333333333,
        0.9645,
        0.968,
        0.9669,
        0.9679333333333333,
        0.9660333333333333,
        0.96635,
        0.9681,
        0.96735,
        0.9648833333333333,
        0.9659,
        0.9710666666666666,
        0.9695166666666667,
        0.9713666666666667,
        0.9673833333333334,
        0.9704,
        0.9704333333333334,
        0.9719166666666667,
        0.96965,
        0.96945,
        0.9711833333333333,
        0.9723
    ],