{
    "config": {
        "id": 5,
        "learning_rate": 0.001,
        "dropout": 0.2,
        "l_size": 128,
        "batch_size": 100,
        "epochs": 30,
        "lineal": false
    },
    "train_loss_incorrect": [
        0.020247540744021533,
        0.008236912545592834,
        0.007189320592830579,
        0.006643938828104486,
        0.0063323795058143634,
        0.006126089566387236,
        0.0059671591641381385,
        0.005850436826391766,
        0.0057638178284590445,
        0.005692611517539869,
        0.0056345769623294475,
        0.005591699271462858,
        0.005543292279665669,
        0.005514166235613327,
        0.005485275622922927,
        0.005458310816126565,
        0.005435238995123655,
        0.005414080279879272,
        0.00539053088442112,
        0.005372125042291979,
        0.005359639888629317,
        0.005346594403963536,
        0.005334343082892398,
        0.005319853227895995,
        0.005304245615843683,
        0.005274920784092198,
        0.005263879834674298,
        0.005257644192315638,
        0.005244916675922771,
        0.005237580896355212
    ],
    "train_loss": [
        0.010008177288497488,
        0.008539376591021816,
        0.007858926635235549,
        0.007680989450309425,
        0.0077029532729648055,
        0.007425915524363518,
        0.0074392683377179,
        0.006971600024650494,
        0.007115402311707536,
        0.006949208906541268,
        0.006859337431378663,
        0.006980924132124831,
        0.006983542876162876,
        0.007014750878637036,
        0.007032453309899817,
        0.006783035552750031,
        0.006744194551526258,
        0.006809898535721004,
        0.006845584234688431,
        0.006758081702670704,
        0.0068628340548214815,
        0.006808450396638363,
        0.006751761756216486,
        0.006485225926929464,
        0.006814790673088282,
        0.006731694707026084,
        0.006832057347831627,
        0.006635850517389675,
        0.006613336871378123,
        0.006770576060904811
    ],
    "valid_loss": [
        0.01003704108297825,
        0.008561372752301394,
        0.007876066262833775,
        0.007693147207610309,
        0.00771257458254695,
        0.007436945550143719,
        0.007450544047169387,
        0.006986235436052084,
        0.007129060034640133,
        0.006962126865983009,
        0.006873077964410185,
        0.006995931752026081,
        0.006998275346122682,
        0.007028129659593105,
        0.007046825527213514,
        0.006800559177063406,
        0.006760615222156048,
        0.006827265219762921,
        0.00686252708081156,
        0.006774641466327011,
        0.0068807734362781045,
        0.006825908655300737,
        0.006770416246727109,
        0.006506900764070451,
        0.006834837049245835,
        0.006751796114258468,
        0.006848190217278898,
        0.006655152491293848,
        0.006636149925179779,
        0.0067911753756925465
    ]
}