{
    "config_0": {
        "learning_rate": 0.001,
        "dropout": 0.2,
        "batch_size": 100,
        "epochs": 50,
        "lineal": true
    },
    "train_loss_incorrect_0": [
        0.6194629910588264,
        0.5911146877209346,
        0.5871412512660027,
        0.585339605708917,
        0.5841628427306811,
        0.5833365233739217,
        0.5827478930354119,
        0.582323623696963,
        0.5819810131192207,
        0.5816814083854357,
        0.5814675558606783,
        0.58126022229592,
        0.5810912156105041,
        0.5809451553225518,
        0.5808175086975098,
        0.580681196351846,
        0.5806073530515035,
        0.5805125737190246,
        0.5804137432575226,
        0.5803377125660578,
        0.580261382162571,
        0.5801828780770302,
        0.5800981265306473,
        0.5800465334455173,
        0.5799774896105131,
        0.579959549109141,
        0.5798945719003678,
        0.5798602243264516,
        0.5798142860333125,
        0.5797630933920542,
        0.5797274683912595,
        0.5797120366493861,
        0.5796657845377922,
        0.5796322086453438,
        0.5796017603079477,
        0.5795735782384872,
        0.5795428877075514,
        0.5794991725683212,
        0.5794842929641406,
        0.5794483509659767,
        0.5794308326641718,
        0.5794193456570308,
        0.5793992028633753,
        0.5793760141730309,
        0.5793562823534012,
        0.5793382888038953,
        0.5793206995725632,
        0.579306247929732,
        0.5792861686150232,
        0.5792637879649798
    ],
    "train_loss_0": [
        0.5920184784134229,
        0.5851146278778712,
        0.5828827694058418,
        0.5813935261964798,
        0.5804194898406665,
        0.5796744137008984,
        0.5793755172689756,
        0.5788836339116097,
        0.5785715615749359,
        0.5782661351561547,
        0.578093609213829,
        0.5779421279827753,
        0.5777287405729293,
        0.5776433417201042,
        0.5774763889114062,
        0.5773103923598926,
        0.5772584882378579,
        0.5771839249134064,
        0.5770185261964798,
        0.5769787325461706,
        0.5768837708234787,
        0.5768571091691653,
        0.5767272907495499,
        0.57666053156058,
        0.5766527294119199,
        0.576517507036527,
        0.5765348349014918,
        0.576546779970328,
        0.5764084859689077,
        0.57637339224418,
        0.5762800388534863,
        0.5763739735881488,
        0.57621183604002,
        0.576201081375281,
        0.5761700453360875,
        0.5761357801159223,
        0.5761103108525276,
        0.5761236001054446,
        0.5760435740152995,
        0.5760462819536527,
        0.5760134566823641,
        0.5760501648982366,
        0.5760405121246973,
        0.5759863225618999,
        0.5759741507967313,
        0.575901829401652,
        0.575929409066836,
        0.5758765014012655,
        0.5758148324489594,
        0.5758055861790975
    ],
    "valid_loss_0": [
        0.5896766221523285,
        0.5828403651714325,
        0.5806319135427475,
        0.5791672080755234,
        0.5782103967666626,
        0.5774777168035508,
        0.5771979933977127,
        0.5767246818542481,
        0.5764225029945373,
        0.5761430370807648,
        0.5759860074520111,
        0.5758445262908936,
        0.5756507456302643,
        0.5755673903226852,
        0.5754081600904465,
        0.5752584755420684,
        0.5752082180976867,
        0.5751419353485108,
        0.5749859791994095,
        0.5749548935890197,
        0.5748681926727295,
        0.574840093255043,
        0.5747331917285919,
        0.5746535247564316,
        0.5746632087230682,
        0.5745245707035065,
        0.5745527160167694,
        0.5745657116174698,
        0.5744379913806915,
        0.5744153612852096,
        0.5743098443746567,
        0.5744078141450882,
        0.5742572122812271,
        0.574260778427124,
        0.5742250949144363,
        0.5741905325651169,
        0.574173646569252,
        0.5741851741075515,
        0.5741105741262436,
        0.5741250491142273,
        0.5740839850902557,
        0.574120129942894,
        0.5741167157888413,
        0.5740744060277939,
        0.5740579581260681,
        0.5739969301223755,
        0.5740179187059402,
        0.5739666122198105,
        0.5739105290174484,
        0.5739048659801483
    ]
}