{"config_1": {"learning_rate": 0.001, "dropout": 0.2, "batch_size": 64, "epochs": 50, "lineal": true}, "train_loss_incorrect_1": [0.6070861025278502, 0.586923677593406, 0.5838298206644525, 0.582347177874559, 0.5814735464322796, 0.5809099584627253, 0.5804809715066638, 0.5801667437624576, 0.5799033481683304, 0.5796596279530637, 0.5794856330352043, 0.579329483290471, 0.5791934535447468, 0.5790847733712146, 0.5789599854554703, 0.5788623545088494, 0.5787999675090887, 0.5787200097844545, 0.5786608816591153, 0.57860364442441, 0.5785265416860073, 0.57846986408681, 0.5784011439982254, 0.5783847690518222, 0.5783551443360253, 0.5783119656002598, 0.5782602936474245, 0.5782259707766046, 0.578195082289832, 0.5781344404098576, 0.5781355167884054, 0.5780766927865523, 0.5780587603669685, 0.5780511412666296, 0.578023948585555, 0.5780083012860467, 0.5779659286109623, 0.5779243868424185, 0.5779712221134446, 0.577907014566698, 0.5778887705253893, 0.5778810691986003, 0.577869924528004, 0.5778405062679542, 0.5778036273872929, 0.5778013292406159, 0.577776306282991, 0.5777713953813256, 0.5777713494387262, 0.5777223139429397], "train_loss_1": [0.5869707543966867, 0.582423211923286, 0.5802170744836966, 0.5792423390122111, 0.5784787207778329, 0.5779094612801762, 0.5776183845074192, 0.5773006702409879, 0.5770463864686393, 0.5767744960052881, 0.5767307301192904, 0.5765248477331865, 0.5764596448269989, 0.5762611643464834, 0.576099374146858, 0.5760092940538931, 0.5759664424446854, 0.5758416604385701, 0.5758663887408242, 0.5757154293660162, 0.5756606677574898, 0.5756678869729357, 0.5757274275649585, 0.5755361085380318, 0.5754459351618916, 0.5754780276879065, 0.5754545979154135, 0.5753339337768839, 0.5753950003240662, 0.5753456814202673, 0.5753006143991881, 0.5751372237703694, 0.575199944314672, 0.575266541067217, 0.5751427723400628, 0.5751443828092709, 0.5751265200978911, 0.5751381153618095, 0.5750741259629792, 0.5750727598219793, 0.5750553297844014, 0.5750312625345136, 0.5750161379829907, 0.5750132271094617, 0.5749535132954116, 0.5748846499142108, 0.574948809103671, 0.5749299784840297, 0.5748662315070756, 0.5748970640747786], "valid_loss_1": [0.5846522253030425, 0.5802846319356542, 0.5779386390546325, 0.576940683802222, 0.5763409824887659, 0.5755668711510433, 0.5752344830020978, 0.5751689611726506, 0.5750894026391825, 0.5747894504267699, 0.5746098396125113, 0.5749119341753091, 0.5744874462200578, 0.5742523165265466, 0.5742909243911695, 0.5742840728941997, 0.5738993161802839, 0.5739264355343618, 0.5737083546674935, 0.573888867144372, 0.5737411918913483, 0.5738330293612875, 0.5738315544310649, 0.5736676241941513, 0.5736011775435915, 0.5738424689147124, 0.5737812818994947, 0.5732677263818728, 0.573486796609915, 0.5735737320723807, 0.573274232020044, 0.5730840248666751, 0.5733536474264351, 0.5731793680008809, 0.5732849346604317, 0.5732885625711672, 0.5731001826608257, 0.5732423203765966, 0.5733254882180767, 0.5737816376291263, 0.5731498492751151, 0.5728854859710499, 0.5732165335849592, 0.5734022062295562, 0.5729373040472626, 0.5729229260402121, 0.5732223528205969, 0.5728186680253144, 0.5730729752285465, 0.5727644547535355]}