{"config_3": {"id": 3, "learning_rate": 0.01, "dropout": 0.2, "l_size": 2304, "batch_size": 100, "epochs": 50, "lineal": false}, "train_loss_incorrect_3": [0.5950930253664652, 0.5796707276503245, 0.5776843141516049, 0.576444146335125, 0.5756309244036675, 0.5750725006063779, 0.5747412445147833, 0.574467174311479, 0.5743617498874665, 0.5742729982733726, 0.5741737602154414, 0.5740876179933548, 0.5740347622831663, 0.573942620853583, 0.5739268645644188, 0.5740151671568553, 0.5738790414730708, 0.5738366287946701, 0.5738392123579978, 0.5738026292125384, 0.5740016943216324, 0.5739431031545004, 0.5737597675124804, 0.5737135828534762, 0.5736978792150815, 0.5738069807489713, 0.5737797035773595, 0.5736623705426852, 0.5736508327722549, 0.5736390473445256, 0.5736434485514958, 0.5736054882407189, 0.5736551224191984, 0.5736215798060099, 0.5735895987351736, 0.5738164604703585, 0.5736397432287534, 0.5735594727595648, 0.5735749251643817, 0.5735676130652427, 0.573543934126695, 0.5735015566150348, 0.5735036530097326, 0.5734903159737587, 0.5735089761018753, 0.5734806563456853, 0.5737497313817342, 0.5735475416978201, 0.5734819741050402, 0.5734905628363292], "train_loss_3": [0.5793941949804624, 0.577949704627196, 0.5759574360648791, 0.5751258251070976, 0.5745528217156728, 0.574253605902195, 0.5738357429703077, 0.5734555834531784, 0.5738227235277494, 0.5735746056834856, 0.5732892815272014, 0.5734273147583008, 0.5734846461812655, 0.5735231827696164, 0.5734212458133697, 0.5735511303941409, 0.5736694061756134, 0.5740646252036095, 0.5738137169679006, 0.573901361922423, 0.5739853948354721, 0.5739846968650818, 0.5741467233498891, 0.5746213479836781, 0.5744697393973669, 0.5750645937522253, 0.5745743141571681, 0.5750442130366961, 0.5751407541831335, 0.5748075772325197, 0.5750346588095029, 0.5757784554362297, 0.5754272579153379, 0.5767455942432086, 0.5755295318365097, 0.5757333767414093, 0.5768469049533208, 0.5761901569366455, 0.5757109992702802, 0.5755066013336182, 0.5765864405035973, 0.5760631931821505, 0.5822897521654765, 0.578163398206234, 0.5771707194050153, 0.5767453337709109, 0.5756253760059674, 0.575916144947211, 0.576312077442805, 0.5773615228136381], "valid_loss_3": [0.5769645583629608, 0.5754957699775696, 0.5735007429122925, 0.5726726204156876, 0.5720959544181824, 0.5717980134487152, 0.5713794672489166, 0.5710081869363784, 0.5713718003034591, 0.5711210900545121, 0.5708419972658157, 0.5709846377372741, 0.5710355323553086, 0.571084857583046, 0.5709761542081833, 0.5711211836338044, 0.5712420701980591, 0.5716636174917221, 0.5713923114538193, 0.5714903396368026, 0.571570200920105, 0.5715665942430497, 0.5717327493429184, 0.572224086523056, 0.5720644795894623, 0.5726698303222656, 0.5721642577648163, 0.5726577377319336, 0.5727637761831283, 0.5724146395921708, 0.5726506382226944, 0.5734024977684021, 0.5730319845676423, 0.5743898218870163, 0.573155574798584, 0.573331458568573, 0.5744952088594437, 0.5738329941034317, 0.5733563411235809, 0.5731354695558548, 0.5742213302850723, 0.5736884528398514, 0.5799166148900986, 0.5758451849222184, 0.5748033398389816, 0.5743699979782104, 0.5732547575235367, 0.5735624492168426, 0.5739270555973053, 0.5750147706270218]}