{"config_1": {"id": 1, "learning_rate": 0.001, "dropout": 0.2, "l_size": 64, "batch_size": 100, "epochs": 30, "lineal": true}, "train_loss_incorrect_1": [0.03985444095606605, 0.02757133360641698, 0.025765560896446306, 0.024781812901298206, 0.024086173338194686, 0.02366806228955587, 0.02331722609077891, 0.023036022934441767, 0.022781011974439026, 0.022574346506347258, 0.02244489557420214, 0.022233771194393435, 0.022124775558089217, 0.021988383655746777, 0.021918851047133404, 0.02184205279685557, 0.021699124397709966, 0.021680583025639254, 0.021548758121207358, 0.02150232288055122, 0.021479855440557003, 0.0213773562759161, 0.02132179477872948, 0.021310613354047138, 0.02122997631318867, 0.021166432816535234, 0.021130493354673187, 0.021136058792471886, 0.021100899561618765, 0.021038790550082922], "train_loss_1": [0.02710117873114844, 0.025362450989584128, 0.02431033833262821, 0.024052246122931442, 0.023603057004511357, 0.024020703934753935, 0.024265272070964176, 0.024304282615582148, 0.023320098202675582, 0.02406256889924407, 0.025079192764436205, 0.024948837676395972, 0.02534946760473152, 0.02420284368408223, 0.024712129111091295, 0.025420373665789763, 0.025192269512141745, 0.02616626846604049, 0.024190888994683822, 0.02590783636085689, 0.025707206754013896, 0.025391059818988045, 0.024981379605208832, 0.025655796574428676, 0.026660349449763695, 0.025428368203962843, 0.026140346011767786, 0.025949082057923078, 0.0260020528982083, 0.02646424128053089], "valid_loss_1": [0.02712798649445176, 0.025383487213402986, 0.02435186516493559, 0.02410812471061945, 0.02366262869909406, 0.024081498365849257, 0.024334399197250604, 0.024374273922294378, 0.023405950441956522, 0.024143768269568683, 0.025169991720467806, 0.025039562340825796, 0.0254360375367105, 0.02429309384897351, 0.024798896443098784, 0.025516824033111334, 0.025297833010554313, 0.026281171143054963, 0.024289453160017727, 0.026006947346031664, 0.025805996935814618, 0.025504881106317042, 0.025093843601644038, 0.025765054300427435, 0.026754043288528918, 0.025554769169539214, 0.02625092478469014, 0.026053561270236968, 0.02611434619873762, 0.02656679421663284]}