{"config_4": {"id": 4, "learning_rate": 0.001, "dropout": 0.2, "l_size": 1024, "batch_size": 100, "epochs": 30, "lineal": true}, "train_loss_incorrect_4": [0.02510697045518706, 0.015038838959299028, 0.013430753291274111, 0.012601841919434567, 0.012069223897221188, 0.011689235878487428, 0.011362346565971772, 0.011116920433317622, 0.010920688527015348, 0.0107528570946306, 0.01061075164626042, 0.01046900731821855, 0.010351173072122037, 0.0102407406270504, 0.010163655917470654, 0.010073142598072687, 0.009980792303880055, 0.00992060430192699, 0.009851995628948012, 0.00978808178876837, 0.009719190589773158, 0.009674861153277259, 0.009629002852986256, 0.009577240586901705, 0.0095364962813134, 0.009501680770578483, 0.00945702202230071, 0.009426508024334907, 0.009415193010742466, 0.009367029801942407], "train_loss_4": [0.014971390672338505, 0.012992826906653742, 0.012171027056562403, 0.010789328392905494, 0.010561660355888307, 0.010317786655699213, 0.009721523916038375, 0.009303354364819825, 0.009140710721258074, 0.009396652222300569, 0.008840328232229997, 0.008874276357237249, 0.008634807302926978, 0.008866927054089804, 0.00881524660391733, 0.00860773163381964, 0.008502847421138236, 0.008083748867114385, 0.008243037858046592, 0.008258541052540144, 0.00820933717302978, 0.008413373942797382, 0.008313021657522767, 0.008032498906056087, 0.008087239431527754, 0.0083188015424336, 0.008157211556099355, 0.00796563102863729, 0.008500430960363398, 0.008343576542101801], "valid_loss_4": [0.015102248070761562, 0.013151177475228905, 0.012342999633401632, 0.010987852327525615, 0.01077893489971757, 0.010542532969266176, 0.009962543249130248, 0.009558578301221133, 0.009405718194320798, 0.009663858888670803, 0.00911776297725737, 0.009161412422545255, 0.008923502755351365, 0.009161132350564004, 0.009118674043565988, 0.008916254667565227, 0.008811221825890243, 0.008404079228639602, 0.008556959475390613, 0.008583665299229324, 0.008536835946142674, 0.00874551443848759, 0.008646904909983277, 0.00836907592136413, 0.00842895598616451, 0.008658402031287551, 0.008500451073050499, 0.008311884040012955, 0.008852832298725844, 0.00869848182424903]}