{"config_1": {"id": 1, "learning_rate": 0.001, "dropout": 0.2, "l_size": 256, "batch_size": 100, "epochs": 5, "lineal": false}, "train_loss_incorrect_1": [0.018337913860256475, 0.008085868613949667, 0.007095274655148387, 0.006590198168220619, 0.006245979361701757], "train_loss_1": [0.009980834784607092, 0.008373628069336215, 0.007842635379638523, 0.0070213296885291735, 0.007010343703441322], "valid_loss_1": [0.010002572853118182, 0.008395750070922076, 0.007863059183582663, 0.0070403699902817606, 0.007027081493288278]}