{
    "config": {
        "id": 2,
        "learning_rate": 0.001,
        "dropout": 0.2,
        "l_size": 256,
        "batch_size": 100,
        "epochs": 30,
        "lineal": true
    },
    "train_loss_incorrect": [
        0.02889240367958943,
        0.018410308964860934,
        0.01674996401028087,
        0.015938587350149948,
        0.015368596559079985,
        0.014968294498200217,
        0.01470897362412264,
        0.01446748033631593,
        0.014267913314203422,
        0.014095181706361473,
        0.013947451791415611,
        0.013843105328269302,
        0.013729655390294889,
        0.013636903896306951,
        0.013563402770087123,
        0.01347751626279205,
        0.01341386721159021,
        0.013349659734716019,
        0.013277802881784737,
        0.013215854878847797,
        0.013170022244254748,
        0.013130604978650809,
        0.013078647882988055,
        0.013045442298365136,
        0.01301526883772264,
        0.012962904847227038,
        0.012920543158737322,
        0.012909642312054832,
        0.012879922987582783,
        0.012825770981920262
    ],
    "train_loss": [
        0.01868636144325137,
        0.015252984804101288,
        0.014382271605233352,
        0.013134055285093685,
        0.013389430254076918,
        0.012699974812567233,
        0.012371161749276022,
        0.012839248864911496,
        0.011805220179570218,
        0.012474487215901414,
        0.012155940720501045,
        0.011924887276254594,
        0.01192393564619124,
        0.011884222176546852,
        0.012228753990493715,
        0.01222484369451801,
        0.011890110475942493,
        0.012691936645035942,
        0.011804188032013675,
        0.011526622019397716,
        0.012025961930242678,
        0.01203282537870109,
        0.01160686610887448,
        0.011573044511800011,
        0.012108512415240209,
        0.011784872397159536,
        0.012158692193528017,
        0.012050006024849912,
        0.012012653512259325,
        0.011818529510249694
    ],
    "valid_loss": [
        0.018773568607866765,
        0.01537896872498095,
        0.014530588584020733,
        0.013289027428254486,
        0.013565000900998712,
        0.012878108499571682,
        0.012568987375125289,
        0.013043243773281574,
        0.012025487376376987,
        0.012700222134590149,
        0.012388373073190451,
        0.012157513769343495,
        0.012163629187271,
        0.01212908810004592,
        0.01247395078651607,
        0.012478072671219706,
        0.012139070173725485,
        0.012938751969486476,
        0.012065188298001885,
        0.01178637688048184,
        0.012286457708105445,
        0.012299483818933367,
        0.01186812186613679,
        0.011842238819226622,
        0.012384157655760645,
        0.01205230213701725,
        0.012425355734303594,
        0.01232702768407762,
        0.012281327936798335,
        0.012096901498734951
    ]
}