{
    "config": {
        "id": 3,
        "learning_rate": 0.001,
        "dropout": 0.2,
        "l_size": 512,
        "batch_size": 100,
        "epochs": 30,
        "lineal": true
    },
    "train_loss_incorrect": [
        0.02592236241636177,
        0.016266513033770025,
        0.014593827317779263,
        0.01375607626978308,
        0.013227614387869836,
        0.012846948858350516,
        0.012542142133849363,
        0.012290982242363194,
        0.01210451194550842,
        0.011924710345144073,
        0.011772868018597364,
        0.0116403303326418,
        0.01154186535316209,
        0.01142963415166984,
        0.011333291094439726,
        0.01127748059729735,
        0.011204905776927869,
        0.011133083682507277,
        0.011067959258022408,
        0.011016308098721008,
        0.010970193017274142,
        0.010907142657476167,
        0.010874693004103998,
        0.01083582845516503,
        0.010798736900712053,
        0.010769903985783457,
        0.010714765672261517,
        0.010684473340710003,
        0.010656545815678934,
        0.010617810577775041
    ],
    "train_loss": [
        0.016645803041756155,
        0.013948871291552981,
        0.012361663708773752,
        0.011614276422187686,
        0.01119866714036713,
        0.011393342353403568,
        0.010857282394232849,
        0.010331735337773958,
        0.010275514077705642,
        0.010085590118542313,
        0.009611393051842849,
        0.009701739417699477,
        0.009622202270353835,
        0.00950231508196642,
        0.009554224020491043,
        0.00958204995530347,
        0.009540988043881952,
        0.009154524616121004,
        0.009442421967784564,
        0.0096480543166399,
        0.009302640791671972,
        0.009105205481561521,
        0.00961098602352043,
        0.009109555666024486,
        0.009148658914491535,
        0.008918412130636473,
        0.008779533160074304,
        0.008686833345952133,
        0.008719451259821653,
        0.009333295960289737
    ],
    "valid_loss": [
        0.016769636729732154,
        0.01409934532828629,
        0.012535277893766761,
        0.011799793941900134,
        0.011411842992529272,
        0.01160917192697525,
        0.01109460724517703,
        0.010573885468766094,
        0.010524239130318165,
        0.010346519937738776,
        0.009884619526565075,
        0.009975308626890183,
        0.009900053925812245,
        0.009780943496152758,
        0.00983757084235549,
        0.009866479625925422,
        0.009828107785433532,
        0.009450046187266707,
        0.00973529648501426,
        0.009951589182019233,
        0.009607725469395518,
        0.009412086643278599,
        0.00992375927977264,
        0.009423624528571962,
        0.009464981555938721,
        0.009242987427860498,
        0.009101424715481699,
        0.00901242449413985,
        0.00905362429562956,
        0.009662879910320044
    ]
}