{"config_2": {"learning_rate": 0.001, "dropout": 0.2, "batch_size": 16, "epochs": 50, "lineal": true}, "train_loss_incorrect_2": [0.5948497415542603, 0.5839310446023941, 0.582207350341479, 0.581302597173055, 0.5807286105871201, 0.5803690264940262, 0.5800818505605062, 0.5798641317447026, 0.5796804886817932, 0.579555309176445, 0.5794211256980896, 0.5793133945465088, 0.5792400481065114, 0.579145598800977, 0.5790693480650584, 0.5790087106148402, 0.5789606795787812, 0.5788869766155879, 0.5788557804663976, 0.5787970007975897, 0.5787655871947607, 0.5787270738045375, 0.5786876777569453, 0.5786564282894134, 0.5786109503507614, 0.5786049589713415, 0.5785705810387929, 0.5785455103635788, 0.5785190785566966, 0.5784940909147263, 0.5784836504538854, 0.5784550370931625, 0.5784478904088338, 0.5784224780956904, 0.5784120410044988, 0.5783852743228276, 0.578378639682134, 0.5783628521601359, 0.5783480933030446, 0.5783303469578425, 0.5783235022703807, 0.5783073452870051, 0.5782944797356924, 0.5782701126416524, 0.5782825376828512, 0.5782507102409998, 0.578247474861145, 0.5782391620397568, 0.5782250817616781, 0.5782147622823716], "train_loss_2": [0.5831212024768193, 0.5802462063868841, 0.5788758316040039, 0.5781703458865484, 0.5776600922664007, 0.5772670775095622, 0.5770433081388473, 0.5768415821472804, 0.5766825093428294, 0.576507202076912, 0.5764448309501012, 0.5763025401353836, 0.576183487590154, 0.5761715397198995, 0.5759508071025212, 0.5760289395570755, 0.5760360164562861, 0.5758456574281057, 0.5758465459982555, 0.5757356399059296, 0.5757353344917298, 0.5756909321864446, 0.5756438777128855, 0.5755254198789597, 0.5756786017338434, 0.575504482126236, 0.5754992317040761, 0.5754743447303772, 0.5755164304574331, 0.5754560727755229, 0.5753578389088313, 0.5753745015939077, 0.5753578538179398, 0.5753411031564076, 0.5753501319646835, 0.5752900117079417, 0.5752081377029419, 0.5752673468589783, 0.5752491273562114, 0.575276545103391, 0.5751786380529403, 0.5751478964964549, 0.5752070167382558, 0.5752318762461345, 0.5751654400189717, 0.5752939986308415, 0.5752010779062907, 0.575147263598442, 0.5752480614423752, 0.5750100808223089], "valid_loss_2": [0.580884898519516, 0.5780448960781097, 0.5767337773323059, 0.5760781827449799, 0.5755854518890381, 0.5752104911327363, 0.5750165122032166, 0.5748314511299133, 0.5746725776195526, 0.574509787940979, 0.5744579191684723, 0.5743306325912476, 0.5742261983394623, 0.5742138899326324, 0.5739997791290283, 0.5740695104599, 0.5740966423034668, 0.5739100518226623, 0.5739237143993378, 0.5738090740203857, 0.5738204454898834, 0.5737706392765045, 0.5737373922348022, 0.5736125264644623, 0.5737626925468445, 0.5736006145000457, 0.5735992897033692, 0.5735728018283844, 0.5736242238998414, 0.5735747069835663, 0.573470309638977, 0.5734964842319489, 0.5734665765285492, 0.5734618557453155, 0.5734709021091461, 0.5734034027099609, 0.5733250981330872, 0.5733958730220795, 0.5733868241786957, 0.5734066564083099, 0.5733220955371857, 0.5732895651817321, 0.5733372330188751, 0.5733828715324402, 0.573307754945755, 0.5734191118717193, 0.5733388191699982, 0.5732842422962189, 0.5733884571552277, 0.5731701551437378]}