{"config_1": {"id": 1, "learning_rate": 0.001, "dropout": 0.2, "l_size": 2304, "batch_size": 100, "epochs": 50, "lineal": true}, "train_loss_incorrect_1": [0.6883784214655558, 0.6854438609878222, 0.6854438562194506, 0.6854438557227452, 0.685443854133288, 0.6854438536365827, 0.6854438533385595, 0.6854438536365827, 0.6854438532392184, 0.6854438524444898, 0.6854438498616219, 0.6819458542267481, 0.6816189888119698, 0.6816189908981323, 0.6816189928849539, 0.6816189923882484, 0.6816189916928609, 0.6816189909974734, 0.6816189901034038, 0.6816189921895663, 0.6816189918915431, 0.6816189901034038, 0.6816189900040627, 0.6816189918915431, 0.6816189884146054, 0.6816189907987913, 0.6816189916928609, 0.6816189918915431, 0.6816189894080162, 0.6816189893086751, 0.6816189899047216, 0.6816189922889073, 0.6816189900040627, 0.6816189924875895, 0.6816189899047216, 0.6816189923882484, 0.6816189896066983, 0.6816189934810003, 0.6816189897060394, 0.6816189934810003, 0.681618990500768, 0.6816189898053805, 0.6816189919908842, 0.6816189923882484, 0.6816189922889073, 0.681618994474411, 0.6816189897060394, 0.6816189910968145, 0.6816189912954966, 0.6816189906001091], "train_loss_1": [0.6854443179567655, 0.685444077750047, 0.6854439902305604, 0.6854439476132392, 0.6854439192016919, 0.685443900624911, 0.6854438862204552, 0.6854438746968905, 0.6854438648621242, 0.6854438532392184, 0.6854437124729157, 0.6816189920902253, 0.6816189915935198, 0.6816189914941788, 0.6816189922889073, 0.6816189911961555, 0.6816189915935198, 0.6816189915935198, 0.6816189922889073, 0.6816189933816592, 0.681618991792202, 0.6816189885139465, 0.6816189918915431, 0.6816189906001091, 0.6816189893086751, 0.6816189907987913, 0.6816189914941788, 0.6816189926862717, 0.6816189928849539, 0.6816189906001091, 0.6816189918915431, 0.6816189922889073, 0.681618991792202, 0.6816189906001091, 0.681618989109993, 0.6816189903020858, 0.6816189894080162, 0.6816189902027449, 0.6816189909974734, 0.6816189924875895, 0.6816189906994502, 0.6816189919908842, 0.6816189910968145, 0.6816189929842948, 0.6816189910968145, 0.6816189904014269, 0.6816189912954966, 0.6816189888119698, 0.6816189932823181, 0.6816189906001091], "valid_loss_1": [0.6824263042211532, 0.6824260568618774, 0.6824259614944458, 0.6824259150028229, 0.6824258834123611, 0.6824258667230606, 0.6824258464574814, 0.6824258351325989, 0.6824258303642273, 0.6824258136749267, 0.6824256664514542, 0.6786004626750946, 0.6786004585027695, 0.6786004573106765, 0.678600459098816, 0.6786004585027695, 0.6786004567146301, 0.6786004596948624, 0.678600459098816, 0.678600459098816, 0.6786004579067231, 0.6786004585027695, 0.6786004549264908, 0.6786004602909088, 0.6786004650592804, 0.6786004602909088, 0.6786004579067231, 0.6786004531383515, 0.678600459098816, 0.6786004638671875, 0.6786004614830017, 0.6786004555225372, 0.6786004602909088, 0.6786004537343979, 0.6786004579067231, 0.6786004614830017, 0.6786004579067231, 0.6786004608869552, 0.6786004555225372, 0.6786004525423049, 0.6786004632711411, 0.6786004567146301, 0.678600459098816, 0.6786004596948624, 0.6786004596948624, 0.6786004602909088, 0.6786004656553268, 0.6786004620790481, 0.678600459098816, 0.678600459098816]}