{"config_4": {"id": 4, "learning_rate": 0.001, "dropout": 0.2, "l_size": 128, "batch_size": 100, "epochs": 50, "lineal": true}, "train_loss_incorrect_4": [0.6853719759980837, 0.6816190574566523, 0.6816190359989802, 0.6816190195083618, 0.6816190106670061, 0.6816190061966578, 0.6816190000375112, 0.681618998547395, 0.6816189969579379, 0.6816189942757288, 0.6816189935803414, 0.6816189916928609, 0.6816189940770467, 0.6816189950704574, 0.6816189916928609, 0.6816189926862717, 0.6816189895073573, 0.6816189921895663, 0.6816189912954966, 0.6816189901034038, 0.6816189929842948, 0.6816189914941788, 0.6816189919908842, 0.6816189911961555, 0.6816189927856128, 0.6816189898053805, 0.6816189902027449, 0.6816189903020858, 0.681618990500768, 0.6816189906001091, 0.6816189922889073, 0.6816189914941788, 0.6816189898053805, 0.6816189896066983, 0.6816189913948377, 0.6816189924875895, 0.6816189912954966, 0.6816189912954966, 0.6816189904014269, 0.6816189899047216, 0.6816189893086751, 0.6816189896066983, 0.6816189915935198, 0.6816189904014269, 0.6816189906001091, 0.6816189927856128, 0.6816189911961555, 0.6816189912954966, 0.6816189937790235, 0.6816189938783646], "train_loss_4": [0.6816197923819224, 0.6816195775071779, 0.6816194094220798, 0.681619295279185, 0.6816192170977593, 0.6816191579898199, 0.6816191165645917, 0.6816190868616104, 0.6816190628210703, 0.6816190454363823, 0.6816190342108409, 0.6816190219918887, 0.6816190186142922, 0.6816190109650294, 0.6816190054019292, 0.6816190039118131, 0.6816190003355345, 0.681618998448054, 0.6816189955671629, 0.681618995765845, 0.6816189932823181, 0.6816189928849539, 0.6816189911961555, 0.6816189939777056, 0.6816189943750699, 0.6816189914941788, 0.6816189912954966, 0.6816189915935198, 0.6816189895073573, 0.6816189916928609, 0.6816189934810003, 0.6816189899047216, 0.6816189898053805, 0.6816189923882484, 0.6816189918915431, 0.6816189910968145, 0.6816189924875895, 0.6816189912954966, 0.6816189919908842, 0.6816189890106519, 0.6816189919908842, 0.6816189923882484, 0.6816189906001091, 0.6816189907987913, 0.6816189925869306, 0.681618990500768, 0.6816189920902253, 0.6816189907987913, 0.6816189927856128, 0.6816189893086751], "valid_loss_4": [0.6786013400554657, 0.6786011016368866, 0.678600926399231, 0.678600800037384, 0.6786007106304168, 0.6786006462574005, 0.6786006075143814, 0.6786005681753159, 0.6786005449295044, 0.678600525856018, 0.6786005121469497, 0.6786004996299744, 0.6786004841327667, 0.6786004877090455, 0.6786004793643952, 0.67860047519207, 0.6786004692316056, 0.6786004662513733, 0.6786004668474197, 0.678600464463234, 0.6786004602909088, 0.6786004620790481, 0.678600464463234, 0.6786004608869552, 0.6786004567146301, 0.6786004585027695, 0.6786004614830017, 0.6786004561185837, 0.678600459098816, 0.6786004614830017, 0.6786004567146301, 0.6786004632711411, 0.678600459098816, 0.6786004567146301, 0.678600464463234, 0.6786004596948624, 0.6786004579067231, 0.6786004561185837, 0.6786004614830017, 0.6786004608869552, 0.6786004573106765, 0.6786004567146301, 0.6786004573106765, 0.6786004585027695, 0.6786004608869552, 0.6786004608869552, 0.6786004620790481, 0.678600459098816, 0.6786004638671875, 0.6786004614830017]}