{"config_2": {"id": 2, "learning_rate": 0.01, "dropout": 0.2, "l_size": 2304, "batch_size": 100, "epochs": 50, "lineal": true}, "train_loss_incorrect_2": [0.6832830971479416, 0.6816189903020858, 0.6816189921895663, 0.6816189913948377, 0.6816189915935198, 0.6816189912954966, 0.681618990500768, 0.6816189918915431, 0.6816189915935198, 0.6816189920902253, 0.6816189913948377, 0.6816189907987913, 0.681618991792202, 0.681618991792202, 0.6816189919908842, 0.6816189889113108, 0.6816189895073573, 0.6816189915935198, 0.6816189914941788, 0.6816189916928609, 0.6816189922889073, 0.6816189916928609, 0.6816189928849539, 0.6816189906001091, 0.6816189892093341, 0.6816189923882484, 0.681618993182977, 0.6816189922889073, 0.6816189903020858, 0.6816189925869306, 0.6816189902027449, 0.6816189925869306, 0.6816189906994502, 0.6816189909974734, 0.6816189900040627, 0.6816189888119698, 0.6816189913948377, 0.6816189898053805, 0.6816189919908842, 0.681618991792202, 0.6816189929842948, 0.6816189901034038, 0.6816189906994502, 0.6816189908981323, 0.6816189903020858, 0.6816189906994502, 0.6816189900040627, 0.6816189902027449, 0.681618990500768, 0.6816189914941788], "train_loss_2": [0.6816189908981323, 0.6816189919908842, 0.6816189909974734, 0.6816189901034038, 0.6816189886132876, 0.6816189940770467, 0.681618991792202, 0.6816189899047216, 0.6816189897060394, 0.6816189919908842, 0.6816189901034038, 0.6816189898053805, 0.6816189906001091, 0.6816189935803414, 0.6816189909974734, 0.6816189909974734, 0.6816189919908842, 0.6816189922889073, 0.6816189913948377, 0.6816189919908842, 0.6816189918915431, 0.6816189911961555, 0.6816189911961555, 0.6816189911961555, 0.681618991792202, 0.6816189922889073, 0.6816189910968145, 0.6816189906994502, 0.6816189913948377, 0.6816189922889073, 0.6816189910968145, 0.6816189911961555, 0.6816189910968145, 0.6816189925869306, 0.6816189919908842, 0.6816189904014269, 0.681618993182977, 0.681618991792202, 0.6816189901034038, 0.6816189919908842, 0.6816189909974734, 0.6816189914941788, 0.6816189913948377, 0.681618990500768, 0.6816189915935198, 0.6816189923882484, 0.6816189916928609, 0.6816189906994502, 0.6816189900040627, 0.6816189911961555], "valid_loss_2": [0.6786004596948624, 0.6786004620790481, 0.6786004561185837, 0.6786004561185837, 0.6786004549264908, 0.6786004585027695, 0.6786004561185837, 0.6786004531383515, 0.6786004543304444, 0.6786004561185837, 0.6786004579067231, 0.6786004543304444, 0.6786004579067231, 0.6786004608869552, 0.6786004579067231, 0.6786004608869552, 0.6786004549264908, 0.6786004561185837, 0.6786004555225372, 0.6786004632711411, 0.6786004596948624, 0.6786004549264908, 0.6786004585027695, 0.6786004620790481, 0.6786004549264908, 0.678600459098816, 0.6786004602909088, 0.6786004567146301, 0.6786004579067231, 0.6786004596948624, 0.6786004620790481, 0.6786004561185837, 0.6786004567146301, 0.6786004585027695, 0.6786004585027695, 0.6786004614830017, 0.6786004549264908, 0.6786004596948624, 0.6786004585027695, 0.6786004561185837, 0.6786004608869552, 0.6786004561185837, 0.6786004608869552, 0.6786004596948624, 0.6786004579067231, 0.6786004632711411, 0.6786004573106765, 0.6786004638671875, 0.6786004537343979, 0.6786004507541656]}